domain,story_label,title,content
cnn.com,House Speaker,Pelosi: 'Let us work,"Story Highlights • Pelosi accepts gavel as first female House speaker • Tribute paid to Gerald Ford, her family • Speaker sets out goals for first 100 hours • Among priorities is new plan for Iraq, military Adjust font size: WASHINGTON (CNN) -- This is a transcript of the speech Rep. Nancy Pelosi, a Democrat from California, gave Thursday after being elected speaker of the U.S. House of Representatives: Thank you, Leader Boehner, Mr. Speaker. I accept this gavel in the spirit of partnership, not partisanship, and I look forward to working with you, Mr. Boehner, and the Republicans in the Congress for the good of the American people. After giving this gavel away in the first two -- in the last two Congresses, I'm glad someone else has the honor today. In this House we may be"
cnn.com,Obama Elected,Obama: 'This is your,"(CNN) -- Barack Obama told supporters that ""change has come to America"" as he claimed victory in a historic presidential election. Sen. Barack Obama addresses a crowd of 125,000 people in Chicago, Illinois. more photos » ""The road ahead will be long. Our climb will be steep. We may not get there in one year or even one term, but America -- I have never been more hopeful than I am tonight that we will get there. I promise you -- we as a people will get there,"" Obama said in Chicago, Illinois, before an estimated crowd of up to 240,000 people. With Obama's projected win, he will become the first African-American to win the White House. Obama had an overwhelming victory over Sen. John McCain, who pledged Tuesday night to help Obama lead. Watch Obama pay tribute to McCain » ""Today, I was"
cnn.com,Hurricane Katrina,New Orleans braces for monster,"New Orleans braces for monster hurricane Crescent City under evacuation; storm may overwhelm levees This animated satellite image taken Sunday evening shows Katrina approaching the Gulf Coast. RELATED HURRICANE KATRINA 12 p.m. ET Sunday Position of center: 90 miles south of the mouth of the Mississippi River Latitude: 27.8 north Longitude: 89.4 west Top sustained winds: near 160 mph Source: National Hurricane Center SPECIAL REPORT YOUR E-MAIL ALERTS Florida Hurricane or or Create Your Own NEW ORLEANS, Louisiana (CNN) -- New Orleans braced for a catastrophic blow from Hurricane Katrina overnight, as forecasters predicted the Category 5 storm could drive a wall of water over the city's levees. The huge storm, packing 160 mph winds, is expected to hit the northern Gulf Coast"
cnn.com,Japan Earthquake & Tsunamis,"Widespread destruction from Japan earthquake,","Editor's Note: Read live blogging of the Japan tsunami and earthquake. Are you there? Send your video, pictures to iReport. Tokyo (CNN) -- The morning after Japan was struck by the most powerful earthquake to hit the island nation in recorded history and the tsunami it unleashed -- and even as the earth continued to twitch with aftershocks -- the disaster's massive impact was only beginning to be revealed. Rescue efforts began with the first light as military helicopters plucked survivors from roofs and carried them to safety. The 8.9-magnitude temblor, which was centered near the east coast of Japan, killed hundreds of people, caused the formation of 30-foot walls of water that swept across rice fields, engulfed entire towns, dragged houses onto highways, and tossed cars and boats"
cnn.com,BP Oil Spill,"As oil spill nears Gulf Coast, experts issue dire","Venice, Louisiana (CNN) -- Gulf coast residents braced Saturday for the arrival of a massive oil slick creeping toward shore as nearly a million feet of boom were deployed in an effort to protect precious estuaries and wildlife -- even as thousands of barrels of crude continued gushing into the water. Landfall along the Mississippi River Delta and other Gulf areas was expected as early as Saturday. ""I'm pretty much on pause right now ... it's just a big waiting game,"" said David Boola, a fisherman who leads boat trips for tourists out of Venice, Louisiana. But even as officials and residents wait for the oil to reach land, the slick has already taken a dramatic toll on life all along the Gulf Coast, bringing fishing and tourism to a halt in many places and threatening to cripple those"
cnn.com,Swine Flu,"H1N1 death toll estimated at 3,900 in","Atlanta, Georgia (CNN) -- Nearly 3,900 people, including about 540 children, are believed to have died from the H1N1 flu in the first six months of the epidemic, the Centers for Disease Control and Prevention said Thursday. The figure is a sharp increase from previous counts of laboratory-confirmed cases. But Dr. Anne Schuchat, the director of the National Center for Immunization and Respiratory Diseases, said the estimate gives a ""more accurate picture"" of the scale of the pandemic. The figure was based on a detailed analysis of data from several dozen districts around the country, she said. The method used to calculate the mortality figures is similar to that used to produce estimates of ordinary seasonal flu deaths, which are believed to number about 36,000 a year. An estimated 22"
cnn.com,Hussein Executed,Hussein executed with 'fear in his,"Story Highlights • NEW: Iraqi TV airs video of noose placed around Hussein's neck • Hussein refused to wear black hood • Bush praises Iraqis for giving fair trial • Celebrations break out in Baghdad and Michigan Adjust font size: BAGHDAD, Iraq (CNN) -- Saddam Hussein, the former Iraqi dictator who spent his last years in captivity after his ruthless regime was toppled by the U.S.-led coalition in 2003, was hanged before dawn Saturday for crimes committed in a brutal crackdown during his reign. The execution took place shortly after 6 a.m. (10 p.m. Friday ET), Iraq's national security adviser, Mowaffak al-Rubaie, told Iraqi television. ""This dark page has been turned over,"" Rubaie said. ""Saddam is gone. Today Iraq is an Iraq for all the Iraqis, and all the Iraqis are looking"
cnn.com,Trump Elected,It’s official: Clinton swamps Trump in popular,"US Democratic presidential candidate Hillary Clinton (R) and US Republican presidential candidate Donald Trump shake hands at the end of the second presidential debate at Washington University in St. Louis, Missouri, on October 9, 2016. / AFP / Robyn Beck (Photo credit should read ROBYN BECK/AFP/Getty Images) MANCHESTER, NH - APRIL 12: Donald Trump speaks at the Freedom Summit at The Executive Court Banquet Facility April 12, 2014 in Manchester, New Hampshire. The Freedom Summit held its inaugural event where national conservative leaders bring together grassroots activists on the eve of tax day. Photo by Darren McCollester/Getty Images) Republican presidential candidate Donald Trump speaks before introducing his newly selected vice presidential running mate Mike Pence, governor of"
cnn.com,January 6th,Here's what happened -- and how -- on one of America's darkest,"If your day doesn't start until you're up to speed on the latest headlines, then let us introduce you to your new favorite morning fix. Sign up here for the '5 Things' newsletter. (CNN) At this time yesterday, it was already shaping up to be a busy news day: Two Georgia Democrats were poised to flip the Senate with imminent runoff wins. Congress was getting ready to confirm the results of the Electoral College amid objections by several Republican members. Coronavirus deaths in the US were rocketing to a new all-time high. Then, around midday, a violent mob of Trump supporters, egged on by the President himself, breached the US Capitol, sending politicians into hiding and sparking hours of chaos, violence and insurrection on what is sure to go down as one of the darkest days in American"
cnn.com,London Olympics ,London 2012 legacy: Trust the British to get it,"Story highlights Quest: Britain has brought the Olympics Games back a dose of sanity Though criticized, the £9.3 billion cost was put to good use at a time of stimulus spending IOC President Jacques Rogge: ""London has created a legacy blueprint"" Challenge for UK civic and political leaders: Harness Britain's Olympic pride Editor’s Note: Richard Quest is CNN’s foremost international business correspondent and presenter of Quest Means Business. He also is a British citizen and no pretense is made that this article is even-handed or neutral. Follow him on Twitter. London CNN — Trust the British to get it right – in the end. When it comes to taking stock on London 2012, I believe the London Games will be regarded as having brought the Olympics concept home. Britain has brought the"
cnn.com,Boston Marathon Bombings,"Terrorism strikes Boston Marathon as bombs kill 3, wound",Officials watch as the first explosion goes off on Boylston Street. A man lies on the ground after the incident. An injured woman is carried away on a stretcher. Racers and race officials stand by after the explosions. People comfort each near the site of the blasts. A runner in a wheelchair is taken from a triage tent after the explosions went off. A member of the bomb squad investigates a suspicious item on the road near Kenmore Square. Bystanders check their mobile devices for news of the explosions. The Cambridge Police Department's bomb squad investigates unattended personal items left behind after the explosions. An injured woman is placed on a stretcher. An injured man is prepared to be moved from a stretcher to an ambulance. An injured woman is loaded into an ambulance.
cnn.com,Area 51 Raid,There were (thankfully) fewer alien enthusiasts than authorities expected. There were arrests and a Naruto,"Rachel, Nevada (CNN) — The day we had all been waiting for is finally here -- but it wasn't as exciting as expected. And that's probably for the best. Two million people had pledged to storm Area 51 , the highly classified US Air Force facility in Nevada, on Friday to ""see them aliens."" Instead, many of the 3,000 or so people that showed up in surrounding areas decided against storming the mystifying location, the Lincoln County Sheriff's Office said. ""They did threaten that they were going to storm,"" Lincoln County Sheriff Kerry Lee said. ""Once officers warned them about the consequences for storming the base, they did have second thoughts."" There was one alcohol-related arrest and a Canadian citizen was also arrested for indecent exposure, Lee said. One woman came close to crossing"
cnn.com,Gay Marriage ,Supreme Court rules states must allow same-sex,"Carlos McKnight of Washington waves a rainbow flag in support of same-sex marriage on June 26. See photos from states that approved same-sex marriage before the Supreme Court ruling Kathy Petterson, left, and Beverly Reicks leave the Douglas County Clerk's office on June 26 after becoming the first same-sex couple to wed in Omaha, Nebraska. U.S. Rep. Mark Takano of California sings the national anthem June 26 with members of the Gay Men's Chorus of Washington. A group of same-sex marriage advocates film a video selfie in front of the Supreme Court on June 26. Laura Zinszer, left, and Angela Boyle kiss after receiving their marriage license June 26 in Columbia, Missouri. They were Boone County's first same-sex couple to receive their marriage license. Doug Mest, left, and Mark"
cnn.com,Brett Kavanaugh picked for SCJ,Trump picks Brett Kavanaugh for Supreme,"WASHINGTON, DC - JUNE 26: U.S. Sen. Susan Collins (R-ME) attends a lunch meeting for Republican lawmakers in the Cabinet Room at the White House June 26, 2018 in Washington, DC. The president called the Supreme Court's 5-4 ruling in favor of the administration's travel ban a ""tremendous victory,"" according to published reports. (Photo by Al Drago-Pool/Getty Images) Neil Gorsuch, U.S. Supreme Court nominee for U.S. President Donald Trump, is sworn in during a Senate Judiciary Committee confirmation hearing in Washington, D.C., U.S., on Monday, March 20, 2017. Gorsuch goes before a Senate committee as a heavy favorite, given Republican control, to win confirmation to a lifetime seat on the nations highest court. Photographer: Andrew Harrer/Bloomberg via Getty Images Justices of the US"
cnn.com,Trump Inauguration,Inauguration Day 2017: Historic moment,"Washington CNN — Donald Trump became the 45th President of the United States on Friday, vowing to drain power from Washington elites and always put “America first” in its dealings with the world at a moment of transformative political change. He arrived at the White House for the first time as President just before 5 p.m. ET following a day of tradition marking the power shift in the nation’s capital. In a time-honored ceremony on the flag-draped West Front of the Capitol earlier in the afternoon, Trump placed his left hand on a family Bible and another that belonged to Abraham Lincoln and promised to preserve, protect and defend the Constitution. As light rain began to fall on a crowd stretching toward the Washington Monument, Trump took the oath of office from Chief Justice John"
cnn.com,George Floyd Death,"As heated protests over George Floyd's death continue, Minnesota governor warns of 'extremely dangerous","Minneapolis (CNN)Hundreds remained on the streets of Minneapolis late Wednesday night protesting the death of George Floyd, a 46-year-old black man who died after pleading for help as a police officer pinned him to the ground with his knee on Floyd's neck. The demonstrations, which began Wednesday, were initially peaceful but turned ""extremely dangerous,"" according to Minnesota Gov. Tim Walz. ""The situation near Lake Street and Hiawatha in Minneapolis has evolved into an extremely dangerous situation,"" Walz said on Twitter. ""For everyone's safety, please leave the area and allow firefighters and paramedics to get to the scene."" Police officers created a barrier outside the police precinct that protesters have been targeting, smashing its windows by throwing items including water bottles."
cnn.com,Russia Invades Ukraine,"U.S. official says 1,000 Russian troops enter","A top Ukrainian army officer said a ""full-scale invasion"" of his country was under way Thursday, as a U.S. official said up to 1,000 Russian troops had crossed Ukraine's southern border to fight alongside pro-Russian rebels. U.S. officials said Russian troops were directly involved in the latest fighting, despite Moscow's denials. Rebels backed by Russian tanks and armored personnel carriers fought Ukrainian forces on two fronts Thursday: southeast of rebel-held Donetsk, and along the nation's southern coast in the town of Novoazovsk, about 12 miles (20 kilometers) from the Russian border, said Mykhailo Lysenko, the deputy commander of the Ukrainian Donbas battalion. ""This is a full-scale invasion,"" Lysenko said, referring to the fighting in the south. Intelligence now indicates that up"
foxnews.com,Hurricane Katrina,Keeping the Record Straight on the Katrina,"Keeping the record straight on the Katrina story: that is the subject of this evening's ""Talking Points Memo"". Ground zero for the hate Bush movement is The New York Times Company, but its behavior in the wake of the Hurricane Katrina is so over the top, one wonders if CEO Janet Robinson has lost control over her operation. There's no question the Bush administration was slow in getting relief to the hurricane zone. That's a legitimate criticism, but the personal attacks on President Bush by The New York Times Company, which includes The Boston Globe are beyond the pale. Some examples: - Far-left Globe columnist James Carroll: ""The bystander-in-chief, of course, is George W. Bush, whose whining self-obsession perfectly embodies what America has done to itself."" - Far-left Times"
foxnews.com,Hussein Executed,Saddam Hussein Executed by Hanging in,"Saddam Hussein, the shotgun-waving dictator who ruled Iraq with a remorseless brutality for a quarter-century, was taken to the gallows and executed Saturday, Iraqi state-run television reported. It was a grim end for the 69-year-old leader who had vexed three U.S. presidents. Despite his ouster, Washington, its allies and the new Iraqi leaders remain mired in a fight to quell a stubborn insurgency by Saddam loyalists and a vicious sectarian conflict. • Obituary: Saddam Hussein, 1937-2006 Also hanged were Saddam's half-brother Barzan Ibrahim and Awad Hamed al-Bandar, the former chief justice of the Revolutionary Court. State-run Iraqiya television news announcer said ""criminal Saddam was hanged to death and the execution started with criminal Saddam then Barzan then Awad al-Bandar."""
foxnews.com,Swine Flu,Government to Intensely Track for H1N1 Shot Side,"More than 3,000 people a day have a heart attack. If you're one of them the day after your H1N1 flu shot, will you worry the vaccine was to blame and not the more likely culprit, all those burgers and fries? The government is starting an unprecedented system to track possible side effects as mass flu vaccinations begin next month. The idea is to detect any rare but real problems quickly, and explain the inevitable coincidences that are sure to cause some false alarms. ""Every day, bad things happen to people. When you vaccinate a lot of people in a short period of time, some of those things are going to happen to some people by chance alone,"" said Dr. Daniel Salmon, a vaccine safety specialist at the Department of Health and Human Services. Health authorities hope to vaccinate well over"
foxnews.com,Obama Elected,FOX News Exit Poll,"The nation’s electorate was focused on the economy and change – two of Democrat Barack Obama’s biggest strengths – and that was more than enough to bring him victory over Republican John McCain. Few items could illustrate more about this election than this: 75 percent of voters said the country is headed in the wrong direction, up from 46 percent in 2004 and 31 percent in 2000. And these voters went solidly for Obama — 62 percent to 36 percent for McCain. Those voters saying the country is “on the right track” – 21 percent of voters – broke for McCain 71 percent to 28 percent. As expected, the economy overwhelmed all other issues, as 63 percent of voters said it was the most important issue facing the country. In addition, 50 percent said they are “very” worried about the economy’s"
foxnews.com,Boston Marathon Bombings,"3 dead, more than 130 injured as 2 bombs explode near Boston Marathon finish","next Image 1 of 3 prev next Image 2 of 3 prev Image 3 of 3 Two bombs exploded in the crowded streets near the finish line of the Boston Marathon on Monday, killing at least three people and injuring more than 130 in a bloody scene of shattered glass and severed limbs that raised alarms that terrorists might have struck again in the U.S. A White House official speaking on condition of anonymity because the investigation was still unfolding said the attack was being treated as an act of terrorism. President Barack Obama vowed that those responsible will ""feel the full weight of justice."" As many as two unexploded bombs were also found near the end of the 26.2-mile course as part of what appeared to be a well-coordinated attack, but they were safely disarmed, according to a senior U.S."
foxnews.com,Japan Earthquake & Tsunamis,Hundreds of Bodies Found in Japan After Massive Tsunami Spawned by,"Japanese police say 200 to 300 bodies have been found in a northeastern coastal area where a massive earthquake spawned a ferocious tsunami Friday that swept away boats, cars and homes. The magnitude 8.9 offshore quake -- the largest in Japan's history -- unleashed a 23-foot tsunami and was followed by more than 50 aftershocks for hours, many of them of more than magnitude 6.0. The bodies found were in Sendai city, the closest major city to the epicenter, Japanese police said. Officials said another 110 were confirmed dead, with 350 people missing. Police also said 544 people were injured. The death toll was likely to continue climbing given the scale of Friday's disaster. Tsunami waves generated by the massive quake hit as far as Hawaii, Alaska and the Oregon coast Friday morning. The"
foxnews.com,London Olympics ,London 2012 Closing Ceremony: Rio de Janeiro Takes Torch as Britain Closes With Rock & Roll,"See you in Brazil! The 2012 Olympic Games came to a close as London’s mayor, Boris Johnson, passed on the Olympic flag decorated with the four symbolic rings to Eduardo Paes, Rio de Janeiro’s mayor, who waved the over-sized flag with pride. Following the Brazilian national anthem, the ceremony culminated in carnival fashion, as Brazilian samba dancers, Capoeira artists, singers and rappers welcomed the world to their home country for the 2016 Olympic Games kicking of Aug. 5. Victoria’s Secret supermodel Alessandra Ambrosio and Brazil’s soccer legend Pelé, also took part of the festivities. After a glorious two weeks of never-to-be-forgotten moments that left Britain exhausted, exhilarated and deeply proud, organizers handed the baton to 2016 host Brazil, which must now take up the"
foxnews.com,Russia Invades Ukraine,Ukraine official: Russia has launched 'armed invasion' in,"Russian troops moved into Crimea Friday, U.S. officials told Fox News, prompting Ukraine to accuse Russia of an ""armed invasion."" At the White House, President Obama said the U.S. government is ""deeply concerned"" by reports of Russian ""military movements"" and warned any violation of Ukraine's sovereignty would be ""deeply destabilizing."" ""There will be costs"" for any military intervention, he said, without specifying what those costs might be. U.S. officials told Fox News they see “evidence of air and maritime movement into and out of Crimea by Russian forces” although the Pentagon declined to officially ""characterize"" the movement. Agence France Press quoted a top Ukranian official as saying Russian aircraft carrying nearly 2,000 suspected troops have landed at a military air base"
foxnews.com,Trump Inauguration,FACT CHECK: Trump overstates crowd size at,"next Image 1 of 3 prev next Image 2 of 3 prev Image 3 of 3 President Donald Trump's speech Saturday at the headquarters of the Central Intelligence Agency turned into the latest battle in, as he put it, his ""running war with the media."" He had two central complaints: that the media misrepresented the size of the crowd at his inauguration and that it was incorrectly reported a bust of Martin Luther King Jr. was removed from the Oval Office. A look at those assertions: TRUMP: ""I made a speech. I looked out. The field was — it looked like a million, a million and a half people."" The president went on to say that one network ""said we drew 250,000 people. Now that's not bad. But it's a lie."" He then claimed that were 250,000 right by the stage and the ""rest of the, you know, 20-block"
foxnews.com,Gay Marriage ,Gay marriage: Why Supreme Court got it,"NEW You can now listen to Fox News articles! One does not have to be a homophobe or bigot to believe that the Supreme Court made a tragic error today in creating out of thin air an imaginary right for gay marriage. Friday’s landmark mistake will have legal, sociological, and spiritual consequences for years to come. First, consider the legal ramifications of Friday’s decision. By enshrining gay marriage as a “civil right,” the Court will be opening a floodgate of litigation against individuals and businesses that refuse to honor same-sex marriages because of religious convictions. After all, if gay marriage is a civil right, then anyone who opposes it is guilty of a civil rights violation. We have already seen bakeries, florists, and wedding chapels sued and, in some cases, put out of"
foxnews.com,Trump Elected,"Trump wins presidency, defeats Clinton in historic election","NEW You can now listen to Fox News articles! Donald Trump, defying the pundits and polls to the end, defeated Hillary Clinton in Tuesday’s presidential election and claimed an establishment-stunning victory that exposes the depth of voter dissatisfaction – and signals immense changes ahead for American policy at home and abroad. Seventeen months after the billionaire tycoon’s Trump Tower entrance into the race, the first-time candidate once dismissed by the political elite will become the 45th president, Fox News projects. Speaking to cheering supporters early Wednesday morning at his victory party in New York City, the Republican candidate and now president-elect said Clinton called to congratulate him, and Fox News confirms she has conceded. Despite their hard-fought campaign, Trump"
foxnews.com,BP Oil Spill,BP Spill Response Plans Severely,"NEW ORLEANS — Glaring errors and omissions in BP's oil spill response plans have exposed a slapdash effort to follow environmental rules, outraging Gulf Coast residents who can see on their beaches how unprepared the company was. BP PLC's 582-page regional spill plan for the Gulf, and its 52-page, site-specific plan for the Deepwater Horizon rig vastly understate the dangers posed by an uncontrolled leak and vastly overstate the company's preparedness to deal with one, according to an Associated Press analysis. The lengthy plans were approved by the federal government last year before BP drilled its ill-fated well. Louisiana Gov. Bobby Jindal was incensed Wednesday after reading the AP story and said BP has been reactive — not proactive — all along. ""Look, it's obvious to everybody in"
foxnews.com,Area 51 Raid,'Storm Area 51' raid brings alien 'community of believers' to Nevada,"From the bright lights and bustling streets of downtown Las Vegas' famous Fremont Street to the dusty and dry remote Nevada high-desert, ""Storm Area 51"" hype has brought out the true believers in-force who are certain we are not alone in the universe. At the Alien Research Center in Hiko, Nev., where the ""Storm Area 51 Basecamp"" will take place Friday and Saturday, a steady stream of people perused alien-inspired gifts in the store such as magnets, T-shirts, and Christmas ornaments, with many decked out to impress visitors from another world. Kelly Bourbon from Las Vegas and Angel (who did not provide her last name), from Wichita, Kan., sported similar-looking T-shirts that read ""Mars Needs Women"" and ""Beam Us Up"" as they explained they've followed ""anything and everything alien"" ever"
foxnews.com,Brett Kavanaugh picked for SCJ,Trump nominates Brett Kavanaugh to Supreme,"NEW You can now listen to Fox News articles! President Trump nominated appeals court judge Brett Kavanaugh to the Supreme Court Monday night to replace retiring Justice Anthony Kennedy, ending a days-long guessing game that began the moment Kennedy announced his retirement and setting the stage for a grueling confirmation fight. In televised remarks from the East Room of the White House, the president praised what he called Kavanaugh's ""impeccable credentials, unsurpassed qualifications and a proven commitment to equal justice under the law."" ""There is no one in America more qualified for this position, and no one more deserving,"" Trump said. Kavanaugh had been considered a front-runner ever since Kennedy's June 27 retirement announcement. Trump conducted a swift and decisive vetting"
foxnews.com,George Floyd Death,Protesters clash with Minneapolis police after George Floyd’s,"Chaos broke out on Tuesday night in Minneapolis as protesters took to the streets to demand action after the death of George Floyd, a Minnesota man who died in police custody a day earlier. Police fired rubber bullets, tear gas and stun grenades on some protesters, reports said. The protest started peacefully, but the situation deteriorated and some demonstrators were seen breaking windows of police cars and hurling rocks, reports said. Floyd, 46, died Monday night and video later emerged showing the man on the ground with a police officer pressing his knee against Floyd's neck. Footage released of the incident showed Floyd shouting, “I cannot breathe” and “Don’t kill me.” GEORGE FLOYD'S COUSINS SPEAK OUT ABOUT HEARTBREAK OVER HIS DEATH IN MINNEAPOLIS POLICE CUSTODY Officers had"
foxnews.com,January 6th,How Wednesday's Capitol riot came to fruition and who made it,"NEW You can now listen to Fox News articles! The congressional endeavor of certifying the presidential winner in the Electoral College is typically a banal ritual. But on Wednesday after weeks of mounting emotions, lawsuits to overturn the results, and an insistence from President Trump and his supporters that the election was stolen, the ceremonial duty became a jaw-dropping event pockmarked by a raid of the Capitol, shots ringing out, tear gas and lives lost. So what happened? According to one U.S. military veteran heavily involved in the planning of Wednesday's protests, attendees came from across the country. ""Whether it was Veterans for Trump or Bikers for Trump or Latinos for Trump, we were all there together. We came together by action and the call of our president,"" the"
nbcnews.com,London Olympics ,"THROUGH 16 DAYS, 31.1 MILLION AVERAGE PRIMETIME VIEWERSHIP FOR LONDON OLYMPICS ON NBC IS BEST FOR NON-U.S. SUMMER OLYMPICS IN 36 YEARS - NBC Sports","LONDON – August 12, 2012 – Through 16 days, the London Olympics has averaged 31.1 million viewers in primetime, making it the most-watched non-U.S. Summer Olympics since the Montreal Olympics in 1976.· The 16-day average primetime viewership of 31.1 million is up 12% from the first 16 nights from the 2008 Beijing Olympics (27.7 million) and up 25% from the first 16 nights from the 2004 Athens Olympics (24.9 million).· The 16-night average household rating of 17.6/30 is 9% higher than the first 16 nights from Beijing (16.2/28), and 16% higher than the first 16 nights from Athens (15.2/27), the last European Summer Olympics. Last night’s primetime coverage of the London Olympics on NBC drew an average of 21.8 million viewers, the most-watched final Saturday of competition for a non-U.S."
nbcnews.com,Obama Elected,Obama Wins: NBC Calls Historic Election for Barack,"Barack Obama has been projected the winner of the 2008 Presidential Election, making him the first black man elected commander in chief in America's 232-year history. With the Democratic candidate already sitting at 207 electoral votes, Obama was called the winner in California, Hawaii, Idaho, Oregon and Washington. The additional 81 electoral votes were enough to secure his victory, reported MSNBC. John McCain dominated the Southeast corner of the map all night, picking up the 6 electoral votes in Mississippi, and added North Dakota to his column as well, but found himself in a deep hole. McCain had slowed Barack Obama's momentum by picking up Texas and Utah, just moments after Obama had secured what could be a decisive victory in Ohio, being awarded the battleground state's 20"
nbcnews.com,Boston Marathon Bombings,Boston Marathon,"Police and runners react to an explosion during the Boston Marathon finish area in Boston, Massachusetts, April 15, 2013. Two simultaneous explosions ripped through the crowd at the finish line of the Boston Marathon on Monday, killing two people and injuring dozens on a day when tens of thousands of people pack the streets to watch the world famous race. REUTERS/MetroWest Daily News/Ken McGagh/Handout (UNITED STATES - Tags: CRIME LAW SPORT ATHLETICS TPX IMAGES OF THE DAY) FOR EDITORIAL USE ONLY. NOT FOR SALE FOR MARKETING OR ADVERTISING CAMPAIGNS. THIS IMAGE HAS BEEN SUPPLIED BY A THIRD PARTY. IT IS DISTRIBUTED, EXACTLY AS RECEIVED BY REUTERS, AS A SERVICE TO CLIENTS. NO ARCHIVES. MANDATORY CREDIT — Metrowest Daily News/ken"
nbcnews.com,Japan Earthquake & Tsunamis,"Millions without food, water, power in","SENDAI, Japan — Millions of people were without drinking water, electricty or adequate food Sunday as the death toll from a devastating earthquake and tsunami was climbing along Japan's northeast coast. Japan's government ordered 100,000 troops to join the rescue and recovery effort after thousands of survivors huddled over heaters in emergency shelters through a second freezing night. Adding to the country's woes, from an unstable nuclear reactor in Fukushima prefecture, near Sendai. Japan's nuclear safety agency reported that radioactive cesium and iodine were detected near the facility Saturday. The detection of the materials, which are created during atomic fission, prompted the company to acknowledge that the reactor's fuel had partially melted, The reactor also was rocked"
nbcnews.com,House Speaker,Speaker of the House Pelosi makes,"It’s a glass ceiling no one else has even cracked, and Nancy Pelosi crashed through it Thursday, elected the nation’s first-ever female House speaker. “I accept this gavel in the spirit of partnership, not partisanship, and look forward to working with you on behalf of the American people,” Pelosi said in a speech to colleagues and the nation. “In this House, we may belong to different parties, but we serve one country.” The 66-year-old San Francisco Democrat beamed and clapped as she heard the voice vote catapulting her to the House’s top post. She was surrounded on the House floor by her six grandchildren, including Paul Michael Vos, born to her daughter Alexandra in early November. After her election by a vote of 233-202, Pelosi stood holding the sleeping infant — who did not stir —"
nbcnews.com,Hussein Executed,"Saddam Hussein executed, ending era in","Saddam Hussein struggled briefly after American military guards handed him over to Iraqi executioners before dawn Saturday. But as his final moments approached and masked executioners slipped a black cloth and noose around his neck, he grew calm. In a final moment of defiance, he refused a hood to cover his eyes. Hours after Saddam faced the same fate he was accused of inflicting on countless thousands during a quarter-century of ruthless power, Iraqi state television showed grainy video of what it said was his body, the head uncovered and the neck twisted at a sharp angle. Witnesses to the execution told NBC News’ Richard Engel that they were cheering around the body of Saddam after the hanging — three years after the deposed president was hauled from a hole in the ground by pursuing"
nbcnews.com,Swine Flu,U.S. says too many swine flu cases to,"U.S. health officials have lost track of how many illnesses and deaths have been caused by the first global flu epidemic in 40 years. And they did it on purpose. Government doctors stopped counting swine flu cases in July, when they estimated more than 1 million were infected in this country. The number of deaths has been sitting at more than 600 since early September. Health officials had previously counted lab-confirmed cases, though the tally was skewed because many people who got sick never were tested. Other nations have stopped relying on lab-confirmed cases, too, and health officials say the current monitoring system is adequate. But not having specific, accurate counts of swine flu means the government doesn't have a clear picture of how hard the infection is hitting some"
nbcnews.com,Gay Marriage ,Landmark: Supreme Court Rules Same-Sex Marriage Legal,"The U.S. Supreme Court on Friday made marriage for same-sex couples legal nationwide, declaring that refusing to grant marriage licenses to gay and lesbian couples violates the Constitution. The landmark ruling will produce the most significant change in laws governing matrimony since the court struck down state bans on inter-racial marriage almost 50 years ago. The majority opinion in the 5-4 decision was written by Justice Anthony Kennedy. ""No union is more profound than marriage, for it embodies the highest ideals of love, fidelity, devotion, sacrifice, and family. In forming a marital union, two people become something greater than once they were,"" Kennedy wrote. ""As some of the petitioners in these cases demonstrate, marriage embodies a love that may endure even past death."""
nbcnews.com,Hurricane Katrina,What went wrong in hurricane,"Looking back at it now, at the devastating destruction across the Gulf region, at one of America’s most beloved cities under water, at all the unimaginable human anguish, it’s hard to conceive that events unfolded as painfully as they did. Just as in the aftermath of 9/11, tough questions are being asked. How much of the damage done by this catastrophic storm could have been prevented? What did the government know before Katrina hit? What went wrong? And who is accountable? ""Dateline"" talked to some of those who say Hurricane Katrina didn’t have to turn out the way it did. Two days after hurricane Katrina struck, the Secretary of Homeland Security seemed almost self-congratulatory about the federal response to the disaster. On August 31, 2005, Department of Homeland Security Michael"
nbcnews.com,Trump Elected,Trump just won the White House: Here's how he did,"Here's what's happening now — with projections from NBC News: Clinton has reportedly called Trump to concede, and NBC has projected the election will go to Trump. New Hampshire, Michigan and Arizona are all too close to call. Trump is projected to win key battlegrounds Ohio and North Carolina. He was the apparent winner in Wisconsin and Pennsylvania, NBC reported. The GOP nominee is also the apparent winner in Florida, according to NBC News. Trump is also the projected winner in Utah, a state that featured a relatively close three-way race. Clinton is the projected winner in Nevada, Maine and Virginia. Trump was the projected winner in several states he had been expected to win: Alaska, Alabama, Arkansas, Georgia, Mississippi, Oklahoma, Tennessee, Iowa, Idaho, Indiana, West"
nbcnews.com,Brett Kavanaugh picked for SCJ,Who is Supreme Court nominee Brett,"President Donald Trump's Supreme Court pick is no stranger to partisan politics: Before becoming a judge, he was helping make the case for the impeachment of Bill Clinton and later for the election of George W. Bush. Twenty years ago, Kavanaugh's story starts amid the highly politicized independent counsel investigation into Clinton. He worked for Starr as a young Yale Law graduate, first when Kenneth Starr was solicitor general and later in the Office of the Independent Counsel, where Kavanaugh was a key player in the slew of investigations into the Clintons, including the Whitewater scandal, the suicide of White House counsel Vincent Foster and Clinton's affair with Monica Lewinsky. The Starr Report to Congress laid out the details of Clinton and Lewinsky's affair and findings of"
nbcnews.com,Area 51 Raid,Storming Area 51 on September 20? Here's why you're unlikely to find aliens hiding in the,"More than a million people say — at least online — they want to scale the fences and storm Area 51, a top-secret Air Force installation in the Nevada desert. Their stated hope is to see the aliens who for decades have been rumored to be warehoused within. The blitz is scheduled for Sept. 20, so mark your calendars. Or not. The idea for this effort was birthed on Facebook, and it was clearly intended as a joke. But so was Johnny Carson’s 1973 claim that the U.S. was running out of toilet paper — an offhand attempt at humor that triggered a real shortage. So joke or no, the hordes might really show up at the closely guarded federal facility, a poor decision according to authorities. BookMaker, an Internet betting site, is already weighing the odds of a tsunami of citizens storming the"
nbcnews.com,Russia Invades Ukraine,What Invasion? Russian Denials on Crimea Trigger War of,"As pro-Russian forces consolidate their control of Ukraine's Crimea, occupying and surrounding military bases and a key ferry terminal, a war of words has broken out over Moscow's denials that its military was involved. American officials have brushed off Russia's remarks almost incredulously, yet the Kremlin has stuck to its line that no active-duty Russian personnel were part of the apparent takeover of Crimea over the weekend. ""No, absolutely no (Russian troops),"" Vladimir Putin's Defense Minister Sergei Shoigu declared on Wednesday when asked whether his forces were involved. When questioned about the Tiger and Rys armored personnel carriers seen throughout the strategic peninsula – vehicles used only by the militaries of the United Arab Emirates and Russia – Shoigu said he had “no"
nbcnews.com,Trump Inauguration,Trump Inauguration: What the World Is Saying About New,"As Donald Trump is inaugurated as 45th president of the United States, NBC News takes a glance at what people around the planet — from world leaders to ordinary citizens — are saying about America's new leader. Russia Around 4,800 miles from Washington, D.C., a Donald Trump inauguration party was in full swing. On the eve of Trump being sworn into office, around 180 partygoers at a jazz club in downtown Moscow were being entertained by a group named The Trump Band and well-known Russian-American singer Willi Tokarev, who has just released an album named ""Trumplissimo America."" Tokarev, who is 82, praised the incoming leader as an ""unbelievable superman, the symbol of America."" Related: 9 Things Trump Has Said That Might Make Putin Smile ""It's no secret the Russians are welcoming"
nbcnews.com,George Floyd Death,'I can't breathe': Man dies after pleading with officer attempting to detain him in,"A man exclaiming ""I can't breathe"" as a Minneapolis police officer pinned him to the ground and put his knee on the man's neck for about eight minutes died Monday night, prompting the FBI and the Minnesota Bureau of Criminal Apprehension to step in and investigate. Video of the incident shows that a white police officer had a black man pinned to the ground next to the back tire of his patrol car with his knee on the man's neck. ""Please, please, please, I can't breathe,"" the man begs. ""My stomach hurts. My neck hurts. Please, please. I can't breathe."" Onlookers outside the Minneapolis deli urge the officer to get off the man. ""You're stopping his breathing right now, you think that's cool?"" one man says. ""His nose is bleeding. Look at his nose!"" says a woman. The officer does not"
nbcnews.com,January 6th,"Jan. 7 highlights and analysis of unrest in Washington,","SEE NEW POSTS More than 200 congressional lawmakers now calling for Trump's removal More than 200 members of the U.S. Senate and House support the removal of President Donald Trump, according to an NBC News' count. The calls are in reaction to Wednesday's riot at the U.S. Capitol by a pro-Trump mob, which followed months of Trump claiming the election he lost was fraudulent or stolen, claims for which there is no evidence, and a rally Wednesday. Trump has been accused of inciting the violence. The measures discussed include a possible second impeachment or the 25th Amendment. Almost all are Democrats or Independents; Rep. Adam Kinzinger, R-Illinois, is the only Republican. Trump will leave office in a little less than two weeks, on Jan. 20 when Joe Biden is inaugurated. On Thursday,"
nypost.com,House Speaker,PELOSI BILL BLASTED AS PORK FOR,"WASHINGTON – Red-faced House Speaker Nancy Pelosi went into damage-control mode yesterday after Republicans charged she slipped a loophole into the Democrats’ just-passed minimum-wage bill to benefit a company in her San Francisco district. The legislation hiking the minimum wage to $7.25 an hour covered the entire United States and all its territories – except for one: American Samoa. The GOP said Samoa was exempted because Democrat Pelosi is protecting the food giant Del Monte Corp., which is based in her district. Del Monte owns StarKist Tuna, which employs more 5,000 Samoans, almost 75 percent of the island’s work force. The company had opposed the legislation, which passed Wednesday. The legislation increases the minimum wage from $5.15 an hour. In the face of the GOP accusations"
nypost.com,Hurricane Katrina,HURRICANE KATRINA SPELLS PROFIT FOR OIL,"A, B, C, D, E, F, G, H, I, J – and then finally K. It took oil speculators nearly half the alphabet before they got what they desperately needed – a hurricane named Katrina with enough punch to legitimately threaten U.S. oil production in the Gulf of Mexico. And with that the oil goons did what they do best: They jacked up the price of crude well beyond the irrational level. The price of oil rose more than $4 a barrel at one point yesterday in the futures market to $70.80, which was easily a record, and the speculators have made their money and inflicted their damage on the world economy. Well done, guys! Sleep well tonight. You couldn’t tell it by the screwballs who have hijacked the crude market this year, but there is plenty of oil in the world. According to the federal"
nypost.com,Hussein Executed,SADDAM IS THE KING OF SWING; BYE-BYE TO BUTCHER OF BAGHDAD AS DIABOLICAL DICTATOR IS HANGED BEFORE ; DAWN TO DELIGHT OF ; OPPRESSED,"The Butcher of Baghdad is no more. Former Iraqi dictator Saddam Hussein – clutching a Koran as he was led to the gallows – was hanged today in the city he ruled with an iron fist for decades at 6 a.m. Baghdad time, officials said. His death was greeted with elation by those present at the execution, which included dancing over Hussein’s body, witnesses said. A handcuffed Hussein was clad completely in black, with a jacket, trousers, hat and shoes – not the orange prison garb he was expected to wear. Shortly before the execution, Hussein’s hat was removed and he was asked if he wanted to say something, said Sami al-Askari, the political adviser of Prime Minister Nouri al-Maliki. ” ‘No I don’t want to,’ ” al-Askari, who was present at the execution, quoted the ousted despot as telling"
nypost.com,London Olympics ,London Olympics: Closing,Fireworks are seen over the Olympic Stadium as it is lit in the Brazilian national colors during the closing ceremony of the 2012 Summer Olympics in London. The Games of the 30th Olympiad come to a close in London after two weeks of athletics and sports competition carried out by 204 countries from around the
nypost.com,Japan Earthquake & Tsunamis,9.0 earthquake hits,"This aerial view taken on March 14, shows cars burnt out by fires triggered by the tsunami lined up near Sendai in Miyagi prefecture three days after a massive 8.9 magnitude earthquake and tsunami devastated the coast of eastern Japan. A new explosion at a nuclear plant in nearby Fukushima prefecture hit punch-drunk Japan on March 14 as it raced to avert a reactor meltdown after a quake-tsunami disaster that is feared to have killed more than 10,000"
nypost.com,BP Oil Spill,Gulf of Mexico massive oil,"This image released by BP shows the main oil leak of the Deepwater Horizon rig which exploded April 20 and killed 11 workers. BP has accepted responsibility for the cleanup of what could become the worst oil spill in US history, and is leading efforts to stop the estimated 210,000 gallons of oil leaking into the sea each"
nypost.com,Swine Flu,Swine flu prevention kicks into high,"The first batch of swine flu vaccines has hit local schools, as the city steps up its efforts to prevent the spread of the potentially deadly virus. “Influenza activity usually increases between December and March when temperatures and humidity are lower. So we urge people to prepare for it by getting vaccinated,” said Dr. Thomas Farley, the city’s health commissioner. Schools are administering free flu mist and flu shots tailored to swine flu, also known as the H1N1 virus. City officials note that the H1N1 vaccination should be taken in addition to traditional flu shots. “Seasonal influenza vaccine does not protect against the H1N1 virus. To protect against both kinds of influenza, people will need two different vaccinations: one for seasonal influenza, and one for H1N1 influenza,”"
nypost.com,Obama Elected,BARACK OBAMA WINS THE,"Barack Obama scored a barrier-breaking victory tonight to become the first black president of the United States – capping a 22-month quest that tapped into a national hunger for “hope” and “change.” At age 47 and still serving his first Senate term, the Democrat cleared a historic hurdle that seemed insurmountable just a few years ago – and was bolstered by Democrats padding their majority in Congress. COMPLETE ELECTION 2008 COVERAGE Speaking to 125,000 supporters tonight in Chicago, Obama said, “If there is anyone out there who doubts that America is a place where anything is possible, who still wonders if the dream of our founders is alive in our time, who still questions the power of our democracy, tonight is your answer.” “It’s been a long time coming, but tonight, because of what"
nypost.com,Boston Marathon Bombings,"Terror attack strikes Boston Marathon, more than 130 injured; person of interest","BOSTON — More than 130 people were injured today as multiple explosions rocked the Boston Marathon in a “coordinated” terror attack. Two explosions were detonated at the race’s finish line within seconds of each other, beginning at 2:50 p.m. Three other undetonated devices were later discovered by authorities. A White House official told Bloomberg news, “Any event with multiple explosive devices — as this appears to be — is clearly an act of terror.” Homeland Security committee member Rep. Bill Keating (D-MA) called today’s explosions a “sophisticated, coordinated event.” WCVB in Boston is reporting that an 8-year-old boy was among those killed in Monday’s attack. Law-enforcement sources said at least the first explosion occurred in the lobby of a nearby hotel. AUTHORITIES ID"
nypost.com,Russia Invades Ukraine,Russian forces ‘invade’ Ukraine on eve of,"Russian forces backed by tanks and helicopters occupied a Ukrainian village near the border of Crimea Saturday — escalating already-high tensions on the eve of a vote on whether Crimeans should seek annexation by Moscow. Ukraine’s military responded by scrambling its air force to the region, as the Foreign Ministry denounced the troop movement as an “invasion” and demanded the Russians “immediately withdraw.” “Ukraine reserves the right to use all necessary measures to stop the military invasion by Russia,” the ministry said in a statement. As many as 120 Russian soldiers took over the southern village of Strilkove and a nearby gas plant over fears it would be targeted by terrorists, Ukrainian officials said. No shots had been fired in the standoff — about 80 miles from Crimea —"
nypost.com,Gay Marriage ,Supreme Court approves gay marriage,"The Supreme Court ruled Friday that gay and lesbian couples have the same right to marry as any other American in a landmark decision that settled one of the most contentious social issues in US history. Celebrations and joyful weddings quickly followed around the country, including in some of the 14 states where they had been banned before the decision. President Obama hailed the decision from the White House, saying it had arrived “like a thunderbolt” and “made our union a little more perfect.” “When all Americans are treated as equal, we are all more free,” he declared. Justice Anthony Kennedy, a ­Republican appointed by Ronald Reagan in 1988, was once again the swing vote who joined the court’s liberal bloc to provide the 5-4 majority. Kennedy rejected arguments that the ruling"
nypost.com,Trump Elected,This is how Donald Trump won the,"Donald Trump’s vow to restore America’s greatness ultimately mattered more than his insults and controversies — sparking surprise shifts in the electorate that helped him upset Hillary Clinton. Despite blasting Mexicans as “rapists” and “criminals” in his campaign kickoff — and promising right up to Election Day to build a southern border wall — Trump did better among Hispanic voters than 2012 Republican presidential nominee Mitt Romney, exit polling showed. Romney’s much tamer “self-deportation” plan resulted in just 27 percent support among Hispanics, but Trump — who also vowed to forcibly deport millions of illegal immigrants — won 29 percent of Hispanics. Clinton’s share of the Hispanic vote — which increased to 11 percent of this year’s electorate, up from 10 percent in 2012 — was"
nypost.com,Trump Inauguration,Trump administration disputes crowd numbers at,"The Trump administration disputed crowd numbers at the swearing-in ceremony despite photos released by the National Park Service that showed a significant difference in the audience from President Barack Obama’s first inauguration in 2009. Speaking at CIA headquarters on Saturday, Donald Trump blasted the “dishonest media” for underestimating the numbers who came out to witness his swearing-in as the 45th president on Friday. “It looked honestly – it looked like a million and a half people. Whatever it was, it was. But it went all the way back to the Washington Monument. And I turn on the thing, and by mistake I get this network, and it showed an empty field. And it said we drew 250,000 people. Now that’s not bad, but it’s a lie,” Trump said. Later Saturday, White House press secretary"
nypost.com,Brett Kavanaugh picked for SCJ,Brett Kavanaugh is an excellent pick for the Supreme,"Once again staying true to his campaign promises, President Trump just nominated Brett Kavanaugh as his pick to replace Justice Anthony Kennedy on the Supreme Court. It’s an excellent choice — though the coming wave of fear-mongering may hide that fact for a while. Judge Kavanaugh, 53, is widely seen as one of the top legal minds of his generation — so much so that now-Justice Elena Kagan recruited him to teach at Harvard Law, where students across the spectrum rave about him. Though firmly committed to interpreting the Constitution as written, he’s no ideologue — which is why Sen. Ted Cruz and other hard-rightists had been urging Trump to pick someone else. But now Democrats will proceed with their preset strategy for fighting any Trump picks — charging that confirmation guarantees the"
nypost.com,Area 51 Raid,Military apologizes for threatening to launch stealth bomber at ‘Storm Area 51’,"The US military has apologized for threatening to launch a stealth bomber on young conspiracy theorists planning to storm Area 51. The Defense Visual Information Distribution Service tweeted a photo late Friday of dozens of military men and women standing at attention in uniform in front of a B-2 stealth bomber. “The last thing #Millennials will see if they attempt the #area51raid today,” the tweet threatened against anyone planning to storm the Arizona military base long rumored to house government secrets on aliens and UFOs. The backlash was quick and sparked an official apology on Saturday. “Last night a DVIDSHUB employee posted a Tweet that in NO WAY supports the stance of the Department of Defense,” the unit tweeted. “It was inappropriate and we apologize for this mistake.” More"
nypost.com,George Floyd Death,Here’s everything we know about the death of George,"It was a routine police call for a run-of-the-mill crime — someone passing a bogus $20 bill at a deli. But the ensuing death of unarmed black man George Floyd while in the custody of Minneapolis cops, and the resulting riots, have once again forced a divided nation into a bitter self-reckoning. The cops involved were axed and President Trump himself has pledged an expedient investigation by federal law enforcement — but that has done little to quell searing outrage that’s lit up social media, left buildings at ground zero in Minneapolis torched and necessitated the Minnesota National Guard. It all started when restaurant bouncer and aspiring commercial driver Floyd, 46, tried to buy groceries. Floyd — a Houston native who had previous scrapes with the law and moved to the Twin Cities"
nypost.com,January 6th,DC protests: How a mob of rioters took the Capitol building by,"The fervent protests surrounding the 2020 US election reached an ugly head Wednesday afternoon — but it had been steadily brewing for weeks and its implications could last for years. The prospect of a huge gathering in Washington, D.C., was first revealed by President Trump as far back as Dec. 19, as he continued to deny losing the election to Joe Biden. “Big protest in D.C. on January 6th. Be there, will be wild!” he tweeted of the protest to mark the day Biden’s win would be certified. So, after weeks of hype, by 6 a.m. Wednesday thousands had already gathered around the Capitol for what was touted as the “Save America Rally.” A “notable number” were already wearing bulletproof vests and helmets, Politico noted. At 10 a.m., Trump’s attorney, former New York Mayor Rudy Giuliani,"
wsj.com,House Speaker,Pelosi's Tuna,"Economists of every political stripe agree that a higher minimum wage will cost some low-skill workers their jobs. But don't believe us; just ask Democratic Speaker Nancy Pelosi. The House last week whooped through an increase in the minimum wage to $7.25, by a vote of 315-116. But, lo, included as part of this boon to the working man was a loophole: The new, higher wage floor applied to all of these United States and its territories -- save for the Pacific outpost of American Samoa. In the immortal words of Congressman Patrick McHenry (R., N.C.), ""There's something fishy going on"
wsj.com,Hussein Executed,Saddam Hussein Is Executed For Crimes Against,"BAGHDAD, Iraq -- Former Iraqi dictator Saddam Hussein, whose iron-fisted rule brought death to hundreds of thousands of his compatriots, was hanged in secrecy here early Saturday morning, sparking conflicting emotions in a country gripped by worsening violence nearly four years after his downfall. In footage shown on Iraqi television, Mr. Hussein, dressed in a white shirt and a black overcoat against the chilly night, appeared calm and composed in his final moments. Neatly combed and bearded, Mr. Hussein stood on the gallows as Iraqi guards wearing black hats with holes cut out for their mouths and eyes tied a black cloth around his neck and then placed a thick noose over it. Mr. Hussein was led onto a closed hatch on the gallows through which he would plunge to his death. In a later"
wsj.com,Hurricane Katrina,After the,"Katrina is a huge and historic story. The human cost, the financial cost, the rendering uninhabitable of a great and fabled American city--all of it amazing. A quick look at the good, the bad, and the let's-shoot-them-now. The governors. Political leadership in times of crisis is a delicate thing. You have to be frank about the fix you're in without being demoralizing. You have to seem confident without seeming out of touch with reality. You have to be human without indulging all your very human emotions. Rudy Giuliani set the modern standard on 9/11, and in a way that is not remarked upon. All his public statements were brilliantly specific. He told you exactly what resources were on their way to do what and where and why; he told you the No. 4 subway had been diverted west and then"
wsj.com,BP Oil Spill,Oil Spills Into Gulf After Rig,"The oil well connected to a drilling rig that sank in the Gulf of Mexico last week after a fiery explosion is gushing crude oil, raising fears of a severe environmental hazard. An oily sheen on Sunday covered 600 square miles, an area twice as large as the five boroughs of New York. The slick, which is spreading north, is about 70 miles south of the Mississippi and Alabama coastline, the U.S. Coast Guard"
wsj.com,Swine Flu,"H1N1 Cases Vastly Underreported, CDC","WASHINGTON -- The number of confirmed cases of H1N1 flu from April to July represents just 2% of the actual people who were infected with the virus, according to a report by the Center for Disease Control and Prevention. The report, posted to the agency's Web site, says the number of people infected with H1N1 flu from April to July likely was between 1.8 million and 5.7 million, much higher than the 43,677 confirmed cases. The paper also said the virus hospitalized 9,000 to 21,000 people during the same period. The study shows the prevalence of the virus is more widespread than originally reported. The CDC and World Health Organization in July stopped tracking individual cases because they acknowledged doing so was difficult. In recent weeks, government health officials have instead"
wsj.com,Japan Earthquake & Tsunamis,"Quake, Tsunami Slam","Tens of thousands of Self-Defense Forces searched desperately for survivors in earthquake-ravaged northern Japan on Saturday as rescue and relief efforts went into full force, even as concerns rose that a radiation leak may have occurred at a nuclear-power facility in the country. More than 200,000 Japanese were ferried to relief shelters and millions of homes were left without power and water after the country's most powerful quake ever struck on"
wsj.com,Gay Marriage,Supreme Court Rules Gay Marriage Is a Nationwide,"WASHINGTON—The Supreme Court on Friday ruled same-sex couples nationwide have a constitutional right to marry, a landmark decision that sweeps away state bans on gay unions and caps a rapid American transformation on the meaning of marriage. The 5-4 decision written by Justice Anthony Kennedy, his fourth major gay-rights ruling over two decades, struck down restrictions in force in 13 states and means all 50 states must recognize same-sex unions. The court was considering a challenge to laws in Kentucky, Michigan, Ohio and Tennessee that limited marriage to opposite-sex"
wsj.com,Area 51 Raid,What’s Really Going On at Area 51: Maybe the Biggest UFO Party on,"RACHEL, Nev.— Glenn Kaminsky put up a booth at the recent Bigfoot Daze festival in Willow Creek, Calif., to promote an invasion of Area 51, or at least a party in the same desert neighborhood. The secretive Nevada military facility, long suspected of hiding extraterrestrials and their space ships, is ground zero for a coming assembly of UFO enthusiasts seeking close encounters with fellow travelers. “I think everybody in America is curious. What really goes on out there? What do they do at Area 51? Are there aliens there? I’d like to know,” said Mr. Kaminsky, 43 years old, of Humboldt County, Calif. What started as a goof on Facebook this summer, “Storm Area 51: They Can’t Stop All of Us,” is edging closer to reality. The post tallied more than 2 million RSVPs. “Lets see them aliens,”"
wsj.com,Brett Kavanaugh picked for SCJ,Judge Brett Kavanaugh: In His Own,"Judge Brett Kavanaugh has established a robust judicial record in his more than 12 years as a member of the U.S. Court of Appeals for the D.C. Circuit, often referred to as the second-most influential court in the country. Judge Kavanaugh, a nominee of President George W. Bush, has penned notable rulings on a host of topics, including environmental regulations, guns, the Affordable Care Act and abortion. Many, but not all of his rulings, have tipped right-of-center. Here are some of Judge Kavanaugh’s most high-profile"
wsj.com,Trump Inauguration,Donald Trump’s Inauguration Brings in Over 30 Million,"An audience of 30.6 million people tuned in to watch Donald Trump’s inauguration as president, falling short of the number of people who watched Barack Obama’s first swearing in eight years ago, according to Nielsen. In his 16-minute-and-12-second address, Mr. Trump indicted the political system and promised a populist “new vision” for the country, focusing on issues such as infrastructure, crime and terrorism. “From this day forward it is going to be only America First, America First,” Mr. Trump said. Viewership for the events and Mr. Trump’s speech, which was aired across all major broadcast and cable networks, was up from the 20.6 million who watched Mr. Obama get sworn in for a second time four years ago. But Mr. Obama’s first inauguration in 2009 scored a larger television"
wsj.com,January 6th,Riot at the U.S.,"What should have been a day marking a usual step in the traditionally peaceful transfer of power erupted into violence and chaos on the grounds of the U.S. Capitol on Wednesday. Earlier in the day at a rally on the Ellipse, President Trump said he wouldn’t concede and urged his supporters to march on the Capitol. Members of Congress meeting there to certify Joe Biden as the winner of the November election had to clear out when rioters breached the grounds, forced their way inside the building and left a wake of"
wsj.com,George Floyd Death,Floyd’s Death in Custody Draws Condemnation From Law Enforcement,"MINNEAPOLIS—Crowds clashed with police for a second night to protest the death of George Floyd after a police officer held him down with a knee on his neck, a technique not approved by the city’s police department and one that drew rare widespread condemnation from police across the country. Over a dozen Minneapolis police in tactical gear stood on the roof of Precinct Three, appearing to fire projectiles and gas intermittently at protesters beneath. Some protesters broke the windows of the precinct. Protesters dispersed after a huge plume of gas was fired into the"
wsj.com,Obama Elected,Obama Sweeps to Historic,"WASHINGTON -- Sen. Barack Obama was elected the nation's first African-American president, defeating Sen. John McCain decisively Tuesday as citizens surged to the polls in a presidential race that climaxed amid the worst financial crisis since the Great Depression. ""Change has come,"" Sen. Obama told a huge throng of cheering supporters in Chicago at a midnight rally. In his first speech as victor, Sen. Obama catalogued the challenges ahead. ""The greatest of a lifetime,"" he said, ""two wars, a planet in peril, the worst financial crisis in a century."" (See the full text of Obama's speech.) He added, ""There are many who won't agree with every decision or policy I make as president, and we know that government can't solve every problem. But I will always be honest with you about the"
wsj.com,London Olympics,Last Call in,"Another summer, another Summer Olympics. It's been a wild few weeks in London, from our initial fawning over the Queen's corgis to Sunday night's pop star-studded journey through the British arts. In between, there were enough highlights and talking reels to tide us over until Rio. Nike's next windbreaker: the American flag. ASSOCIATED PRESS We'll remember the way Usain Bolt and Michael Phelps cemented their legendary statuses with a string of record-breaking, competition-negating performances. We'll remember the fierce U.S. women's gymnastics team, filled with enough potential stars to make every Hollywood agent's head spin. We'll remember our amazingly accurate medal projections. We'll remember Hope Solo and Abby Wambach breaking ground on a come-from-behind women's soccer gold medal,"
wsj.com,Boston Marathon Bombings,Deadly Blasts Rock,"BOSTON—Two deadly explosions ripped through a crowd at the Boston Marathon on Monday, killing at least three people and injuring about 140, once again raising the specter of terrorism on American soil. At about 2:50 p.m., some three hours after the winners had crossed the finish line but while thousands more runners still were on the streets, two bombs exploded 50 to 100 yards apart near the course's end in the city's crowded Back Bay section, Boston Police said. Panicked spectators fled the scene as smoke from the blasts filled the air, sirens wailed and exhausted, disoriented runners and families raced to find one another amid the mayhem. President Barack Obama, in a brief televised address, said he would put the full resources of the government behind the investigation. ""Make no"
wsj.com,Russia Invades Ukraine,"Ukraine Accuses Russia of Invasion, West to Consider","Kiev and its Western backers accused Moscow of sending Russian troops and armor to fight alongside rebels in eastern Ukraine, dimming hopes for a diplomatic solution to the crisis and prompting the U.S. and Europe to threaten new sanctions. Ukrainian President Petro Poroshenko convened an emergency meeting of his security chiefs Thursday and vowed that ""Ukraine can defend itself."" He dispatched troops to meet the Russian-backed advance as his government ordered the reinstatement of a draft this fall—though it pledged not to send conscripts into the war zone. But while officials in Kiev called on Western capitals for support, including military aid, the initial reaction from the U.S. and Europe included expressions of frustration with the Kremlin but no immediate action. President"
wsj.com,Trump Elected,"Donald Trump Elected President, Riding Populist","Republican Donald Trump, a political novice who ran a nationalist campaign calling for restricting immigration and international trade, scored a stunning win to become the 45th president of the United States, defeating Democrat Hillary Clinton in one of the biggest upsets in U.S. political history. Mr. Trump rolled to victory in a series of states that put him over the 270 electoral-vote threshold, ending a cliffhanger night of vote counting that capped the bitter, months long presidential contest. Mr. Trump was declared winner in Wisconsin, one of many rust belt states that rallied behind him, he was declared the winner by the Associated Press. Mrs. Clinton called Mr. Trump to concede, he said at his victory rally. The polls and political pundits gave Mr. Trump little chance of"
